{"cameraMode":{"drawMode":0,"name":"Shaded","section":"Shading Mode"},"sceneLighting":false,"audioPlay":false,"sceneViewState":{"showFog":true,"showMaterialUpdate":false,"showSkybox":false,"showFlares":true,"showImageEffects":true,"showParticleSystems":true},"in2DMode":false,"pivot":{"x":-3.114760398864746,"y":-3.7648983001708986,"z":6.945257663726807},"rotation":{"x":-0.21573877334594727,"y":-0.11511239409446717,"z":0.02562289498746395,"w":-0.969312846660614},"size":1.281733512878418,"orthographic":false}