{"cameraMode":{"drawMode":0,"name":"Shaded","section":"Shading Mode"},"sceneLighting":false,"audioPlay":false,"sceneViewState":{"showFog":true,"showMaterialUpdate":false,"showSkybox":false,"showFlares":true,"showImageEffects":true,"showParticleSystems":true},"in2DMode":false,"pivot":{"x":685.550537109375,"y":291.1377258300781,"z":53.9267578125},"rotation":{"x":-0.16708198189735413,"y":0.03873354569077492,"z":-0.006569105666130781,"w":-0.9851624369621277},"size":520.09619140625,"orthographic":false}