{"cameraMode":{"drawMode":0,"name":"Shaded","section":"Shading Mode"},"sceneLighting":false,"audioPlay":false,"sceneViewState":{"showFog":true,"showMaterialUpdate":false,"showSkybox":false,"showFlares":true,"showImageEffects":true,"showParticleSystems":true},"in2DMode":false,"pivot":{"x":514.1964111328125,"y":322.6955261230469,"z":164.9272918701172},"rotation":{"x":1.4502542455829826e-7,"y":0.0036018388345837595,"z":4.116209950666416e-8,"w":0.9999936819076538},"size":492.59210205078127,"orthographic":false}